anime,mal_id,title_clean,image_url,synopsis,score,studio,year,genres,official_mal_url
Attack on Titan,16498,Shingeki no Kyojin,https://cdn.myanimelist.net/images/anime/10/47347.jpg,"Centuries ago, mankind was slaughtered to near extinction by monstrous humanoid creatures called Titans, forcing humans to hide in fear behind enormous concentric walls. What makes these giants truly terrifying is that their taste for human flesh is not born out of hunger but what appears to be out of pleasure. To ensure their survival, the remnants of humanity began living within defensive barriers, resulting in one hundred years without a single titan encounter. However, that fragile calm is soon shattered when a colossal Titan manages to breach the supposedly impregnable outer wall, reigniting the fight for survival against the man-eating abominations.

After witnessing a horrific personal loss at the hands of the invading creatures, Eren Yeager dedicates his life to their eradication by enlisting into the Survey Corps, an elite military unit that combats the merciless humanoids outside the protection of the walls. Eren, his adopted sister Mikasa Ackerman, and his childhood friend Armin Arlert join the brutal war against the Titans and race to discover a way of defeating them before the last walls are breached.

[Written by MAL Rewrite]",8.57,Wit Studio,2013.0,"Action, Award Winning, Drama, Suspense",https://myanimelist.net/anime/16498/Shingeki_no_Kyojin
Boruto,28755,Boruto: Naruto the Movie,https://cdn.myanimelist.net/images/anime/4/78280.jpg,"The spirited Boruto Uzumaki, son of Seventh Hokage Naruto, is a skilled ninja who possesses the same brashness and passion his father once had. However, the constant absence of his father, who is busy with his Hokage duties, puts a damper on Boruto's fire. Upon learning that his father will watch the aspiring ninjas who will participate in the upcoming Chunin exams, Boruto is driven to prove to him that he is worthy of his attention. In order to do so, he enlists the help of Naruto's childhood friend and rival, Sasuke Uchiha. 

The Chunin exams begin and progress smoothly, until suddenly, the Konohagakure is attacked by a new foe that threatens the long-standing peace of the village. Now facing real danger, Naruto and his comrades must work together to protect the future of their cherished home and defeat the evil that terrorizes their world. As this battle ensues, Boruto comes to realize the struggles his father once experienced—and what it truly means to be a ninja.

[Written by MAL Rewrite]",7.37,Studio Pierrot,,"Action, Adventure, Fantasy",https://myanimelist.net/anime/28755/Boruto__Naruto_the_Movie
Chainsaw Man,44511,Chainsaw Man,https://cdn.myanimelist.net/images/anime/1806/126216.jpg,"Denji is robbed of a normal teenage life, left with nothing but his deadbeat father's overwhelming debt. His only companion is his pet, the chainsaw devil Pochita, with whom he slays devils for money that inevitably ends up in the yakuza's pockets. All Denji can do is dream of a good, simple life: one with delicious food and a beautiful girlfriend by his side. But an act of greedy betrayal by the yakuza leads to Denji's brutal, untimely death, crushing all hope of him ever achieving happiness.

Remarkably, an old contract allows Pochita to merge with the deceased Denji and bestow devil powers on him, changing him into a hybrid able to transform his body parts into chainsaws. Because Denji's new abilities pose a significant risk to society, the Public Safety Bureau's elite devil hunter Makima takes him in, letting him live as long as he obeys her command. Guided by the promise of a content life alongside an attractive woman, Denji devotes everything and fights with all his might to make his naive dreams a reality.

[Written by MAL Rewrite]",8.44,MAPPA,2022.0,"Action, Fantasy",https://myanimelist.net/anime/44511/Chainsaw_Man
DB,223,Dragon Ball,https://cdn.myanimelist.net/images/anime/1887/92364.jpg,"Gokuu Son is a young boy who lives in the woods all alone—that is, until a girl named Bulma runs into him in her search for a set of magical objects called the ""Dragon Balls."" Since the artifacts are said to grant one wish to whoever collects all seven, Bulma hopes to gather them and wish for a perfect boyfriend. Gokuu happens to be in possession of a dragon ball, but unfortunately for Bulma, he refuses to part ways with it, so she makes him a deal: he can tag along on her journey if he lets her borrow the dragon ball's power. With that, the two set off on the journey of a lifetime.

They don't go on the journey alone. On the way, they meet the old Muten-Roshi and wannabe disciple Kuririn, with whom Gokuu trains to become a stronger martial artist for the upcoming World Martial Arts Tournament. However, it's not all fun and games; the ability to make any wish come true is a powerful one, and there are others who would do much worse than just wishing for a boyfriend. To stop those who would try to abuse the legendary power, they train to become stronger fighters, using their newfound strength to help the people around them along the way.

[Written by MAL Rewrite]",7.98,Toei Animation,1986.0,"Action, Adventure, Comedy, Fantasy",https://myanimelist.net/anime/223/Dragon_Ball
Demon Slayer,38000,Kimetsu no Yaiba,https://cdn.myanimelist.net/images/anime/1286/99889.jpg,"Ever since the death of his father, the burden of supporting the family has fallen upon Tanjirou Kamado's shoulders. Though living impoverished on a remote mountain, the Kamado family are able to enjoy a relatively peaceful and happy life. One day, Tanjirou decides to go down to the local village to make a little money selling charcoal. On his way back, night falls, forcing Tanjirou to take shelter in the house of a strange man, who warns him of the existence of flesh-eating demons that lurk in the woods at night.

When he finally arrives back home the next day, he is met with a horrifying sight—his whole family has been slaughtered. Worse still, the sole survivor is his sister Nezuko, who has been turned into a bloodthirsty demon. Consumed by rage and hatred, Tanjirou swears to avenge his family and stay by his only remaining sibling. Alongside the mysterious group calling themselves the Demon Slayer Corps, Tanjirou will do whatever it takes to slay the demons and protect the remnants of his beloved sister's humanity.

[Written by MAL Rewrite]",8.42,ufotable,2019.0,"Action, Award Winning, Supernatural",https://myanimelist.net/anime/38000/Kimetsu_no_Yaiba
Dragon Ball,223,Dragon Ball,https://cdn.myanimelist.net/images/anime/1887/92364.jpg,"Gokuu Son is a young boy who lives in the woods all alone—that is, until a girl named Bulma runs into him in her search for a set of magical objects called the ""Dragon Balls."" Since the artifacts are said to grant one wish to whoever collects all seven, Bulma hopes to gather them and wish for a perfect boyfriend. Gokuu happens to be in possession of a dragon ball, but unfortunately for Bulma, he refuses to part ways with it, so she makes him a deal: he can tag along on her journey if he lets her borrow the dragon ball's power. With that, the two set off on the journey of a lifetime.

They don't go on the journey alone. On the way, they meet the old Muten-Roshi and wannabe disciple Kuririn, with whom Gokuu trains to become a stronger martial artist for the upcoming World Martial Arts Tournament. However, it's not all fun and games; the ability to make any wish come true is a powerful one, and there are others who would do much worse than just wishing for a boyfriend. To stop those who would try to abuse the legendary power, they train to become stronger fighters, using their newfound strength to help the people around them along the way.

[Written by MAL Rewrite]",7.98,Toei Animation,1986.0,"Action, Adventure, Comedy, Fantasy",https://myanimelist.net/anime/223/Dragon_Ball
Fate,49684,Unmei,https://cdn.myanimelist.net/images/anime/1071/117375.jpg,,5.82,Studio Gohan,,,https://myanimelist.net/anime/49684/Unmei
Gojo,4703,Yes! Precure 5 GoGo! Movie: Okashi no Kuni no Happy Birthday,https://cdn.myanimelist.net/images/anime/1889/142444.jpg,"It's Nozomi's birthday, but it is disturbed by Bunbee chasing after a girl from another world, Chocola. When Pretty Cure rescue her, she thanks them by taking them to her country, Dessert Kingdom. In this cockaigne with rivers of juice and candy growing on trees, they feel very comfortable. But then they meet the evil Mushiban and his two subordinates Dry and Bitter. They want to take over the kingdom and change Pretty Cure into sweets. In order to save not only Nozomi's Birthday but also the whole Dessert Kingdom, Pretty Cure have to fight their way against Dry and Bitter and also against their own friend: Coco, who is being brainwashed by Mushiban.",7.15,Toei Animation,,Romance,https://myanimelist.net/anime/4703/Yes_Precure_5_GoGo_Movie__Okashi_no_Kuni_no_Happy_Birthday
Goku,11359,Dragon Ball Kai: Mirai ni Heiwa wo! Goku no Tamashii yo Eien ni,https://cdn.myanimelist.net/images/anime/13/33877.jpg,Special episode about Trunks going back to the future and fighting the Androids. Also known as episode 98 of Dragon Ball Kai.,7.55,Toei Animation,,"Action, Comedy, Fantasy, Sci-Fi",https://myanimelist.net/anime/11359/Dragon_Ball_Kai__Mirai_ni_Heiwa_wo_Goku_no_Tamashii_yo_Eien_ni
Jujutsu Kaisen,40748,Jujutsu Kaisen,https://cdn.myanimelist.net/images/anime/1171/109222.jpg,"Idly indulging in baseless paranormal activities with the Occult Club, high schooler Yuuji Itadori spends his days at either the clubroom or the hospital, where he visits his bedridden grandfather. However, this leisurely lifestyle soon takes a turn for the strange when he unknowingly encounters a cursed item. Triggering a chain of supernatural occurrences, Yuuji finds himself suddenly thrust into the world of Curses—dreadful beings formed from human malice and negativity—after swallowing the said item, revealed to be a finger belonging to the demon Sukuna Ryoumen, the King of Curses.

Yuuji experiences first-hand the threat these Curses pose to society as he discovers his own newfound powers. Introduced to the Tokyo Prefectural Jujutsu High School, he begins to walk down a path from which he cannot return—the path of a Jujutsu sorcerer.

[Written by MAL Rewrite]",8.53,MAPPA,2020.0,"Action, Award Winning, Supernatural",https://myanimelist.net/anime/40748/Jujutsu_Kaisen
My Hero Academia,31964,Boku no Hero Academia,https://cdn.myanimelist.net/images/anime/10/78745.jpg,"The appearance of ""quirks,"" newly discovered super powers, has been steadily increasing over the years, with 80 percent of humanity possessing various abilities from manipulation of elements to shapeshifting. This leaves the remainder of the world completely powerless, and Izuku Midoriya is one such individual.

Since he was a child, the ambitious middle schooler has wanted nothing more than to be a hero. Izuku's unfair fate leaves him admiring heroes and taking notes on them whenever he can. But it seems that his persistence has borne some fruit: Izuku meets the number one hero and his personal idol, All Might. All Might's quirk is a unique ability that can be inherited, and he has chosen Izuku to be his successor!

Enduring many months of grueling training, Izuku enrolls in UA High, a prestigious high school famous for its excellent hero training program, and this year's freshmen look especially promising. With his bizarre but talented classmates and the looming threat of a villainous organization, Izuku will soon learn what it really means to be a hero.

[Written by MAL Rewrite]",7.83,Bones,2016.0,Action,https://myanimelist.net/anime/31964/Boku_no_Hero_Academia
Naruto,20,Naruto,https://cdn.myanimelist.net/images/anime/1141/142503.jpg,"Twelve years ago, a colossal demon fox terrorized the world. During the monster's attack on the Hidden Leaf Village, the Hokage—the village's leader and most powerful ninja—sacrifices himself to seal the beast inside a newborn, relieving civilization from destruction while dooming the baby to a lonely life.

Now, after years of being shunned and bullied, Naruto Uzumaki pesters the village with elaborate pranks and vandalism. Despite these antics, he works hard to achieve his dream: to become the Hokage and earn the acknowledgement of those who have mistreated him for his entire life. Naruto joins Team 7, a ninja squad made up of two of his peers—prodigy Sasuke Uchiha and clever Sakura Haruno.

Under the aloof Kakashi Hatake's leadership, Team 7 takes on a series of difficult missions, forcing its members to grow in strength and comradery despite their many differences. Naruto strives to stand out in his rivalry with Sasuke and earn the romantic affection of Sakura. But as the trio brush against danger and death, their tragic pasts threaten to tear them apart.

[Written by MAL Rewrite]",8.02,Studio Pierrot,2002.0,"Action, Adventure, Fantasy",https://myanimelist.net/anime/20/Naruto
OP,21,One Piece,https://cdn.myanimelist.net/images/anime/1244/138851.jpg,"Barely surviving in a barrel after passing through a terrible whirlpool at sea, carefree Monkey D. Luffy ends up aboard a ship under attack by fearsome pirates. Despite being a naive-looking teenager, he is not to be underestimated. Unmatched in battle, Luffy is a pirate himself who resolutely pursues the coveted One Piece treasure and the King of the Pirates title that comes with it.

The late King of the Pirates, Gol D. Roger, stirred up the world before his death by disclosing the whereabouts of his hoard of riches and daring everyone to obtain it. Ever since then, countless powerful pirates have sailed dangerous seas for the prized One Piece only to never return. Although Luffy lacks a crew and a proper ship, he is endowed with a superhuman ability and an unbreakable spirit that make him not only a formidable adversary but also an inspiration to many.

As he faces numerous challenges with a big smile on his face, Luffy gathers one-of-a-kind companions to join him in his ambitious endeavor, together embracing perils and wonders on their once-in-a-lifetime adventure.

[Written by MAL Rewrite]",8.73,Toei Animation,1999.0,"Action, Adventure, Fantasy",https://myanimelist.net/anime/21/One_Piece
One Piece,459,One Piece Movie 01,https://cdn.myanimelist.net/images/anime/1770/97704.jpg,"Many years ago, Woonan, a legendary pirate, plundered one-third of the world's gold and stashed it away on his secret island shrouded in mystery. 

In the present, Luffy and the rest of the Straw Hats continue on their journey to the Grand Line. They are robbed by a group of bandits. Led by their captain, El Drago, these same bandits are headed towards Woonan's famed island. Even though the Straw Hat Pirates must now recover their stolen treasure, they have gained another objective: to discover the lost island, its treasures, and learn about the legend of Woonan.

[Written by MAL Rewrite]",7.09,Toei Animation,,"Action, Adventure, Fantasy",https://myanimelist.net/anime/459/One_Piece_Movie_01
Re:Zero,61316,Re:Zero kara Hajimeru Isekai Seikatsu 4th Season,https://cdn.myanimelist.net/images/anime/1040/153636.jpg,"In the deadly battle at the Watergate City of Priestella, Subaru and his allies barely emerged victorious—but their triumph came at a great cost. Through the ""Authority of Gluttony,"" Rem was put into suspended animation, while Crusch's memories and even Julius’s name were devoured. As he searches for a way to save them, Subaru learns of the ""wise man"" Shaula—an all-seeing being said to possess every form of knowledge. His next destination is the Pleiades Watchtower, home to a wise man, the farthest tower standing in the vast, uncharted desert known as the Auguria Dunes—a place so perilous that even the mightiest ""Sword Saint,"" Reinhard, failed to conquer it. The fury of nature, unknown magical beasts, and unimaginable dangers lie ahead. Together with his friends, Subaru embarks on a life-risking journey to reclaim what was lost.

(Source: Kadokawa)",,White Fox,2026.0,"Drama, Fantasy, Suspense",https://myanimelist.net/anime/61316/Re_Zero_kara_Hajimeru_Isekai_Seikatsu_4th_Season
Solo Leveling,52299,Ore dake Level Up na Ken,https://cdn.myanimelist.net/images/anime/1801/142390.jpg,"Humanity was caught at a precipice a decade ago when the first gates—portals linked with other dimensions that harbor monsters immune to conventional weaponry—emerged around the world. Alongside the appearance of the gates, various humans were transformed into hunters and bestowed superhuman abilities. Responsible for entering the gates and clearing the dungeons within, many hunters chose to form guilds to secure their livelihoods.

Sung Jin-Woo is an E-rank hunter dubbed as the weakest hunter of all mankind. While exploring a supposedly safe dungeon, he and his party encounter an unusual tunnel leading to a deeper area. Enticed by the prospect of treasure, the group presses forward, only to be confronted with horrors beyond their imagination. Miraculously, Jin-Woo survives the incident and soon finds that he now has access to an interface visible only to him. This mysterious system promises him the power he has long dreamed of—but everything comes at a price.

[Written by MAL Rewrite]",8.21,A-1 Pictures,2024.0,"Action, Adventure, Fantasy",https://myanimelist.net/anime/52299/Ore_dake_Level_Up_na_Ken
Spy x Family,50265,Spy x Family,https://cdn.myanimelist.net/images/anime/1441/122795.jpg,"Corrupt politicians, frenzied nationalists, and other warmongering forces constantly jeopardize the thin veneer of peace between neighboring countries Ostania and Westalis. In spite of their plots, renowned spy and master of disguise ""Twilight"" fulfills dangerous missions one after another in the hope that no child will have to experience the horrors of war.

In the bustling Ostanian city of Berlint, Twilight dons the alias of ""Loid Forger,"" an esteemed psychiatrist. However, his true intention is to gather intelligence on prominent politician Donovan Desmond, who only appears rarely in public at his sons' school: the prestigious Eden Academy. Enlisting the help of unmarried city hall clerk Yor Briar to act as his wife and adopting the curious six-year-old orphan Anya as his daughter, Loid enacts his master plan. He will enroll Anya in Eden Academy, where Loid hopes she will excel and give him the opportunity to meet Donovan without arousing suspicion. 

Unfortunately for Loid, even a man of his talents has trouble playing the figure of a loving father and husband. And just like Loid is hiding his true identity, Yor—who is an underground assassin known as ""Thorn Princess""—and Anya—an esper who can read people's minds—have no plans to disclose their own secrets either. Although this picture-perfect family is founded on deception, the Forgers gradually come to understand that the love they share for one another trumps all else.

[Written by MAL Rewrite]",8.44,Wit Studio,2022.0,"Action, Award Winning, Comedy",https://myanimelist.net/anime/50265/Spy_x_Family
Steins;Gate,9253,Steins;Gate,https://cdn.myanimelist.net/images/anime/1935/127974.jpg,"Eccentric scientist Rintarou Okabe has a never-ending thirst for scientific exploration. Together with his ditzy but well-meaning friend Mayuri Shiina and his roommate Itaru Hashida, Okabe founds the Future Gadget Laboratory in the hopes of creating technological innovations that baffle the human psyche. Despite claims of grandeur, the only notable ""gadget"" the trio have created is a microwave that has the mystifying power to turn bananas into green goo.

However, when Okabe attends a conference on time travel, he experiences a series of strange events that lead him to believe that there is more to the ""Phone Microwave"" gadget than meets the eye. Apparently able to send text messages into the past using the microwave, Okabe dabbles further with the ""time machine,"" attracting the ire and attention of the mysterious organization SERN.

Due to the novel discovery, Okabe and his friends find themselves in an ever-present danger. As he works to mitigate the damage his invention has caused to the timeline, Okabe fights a battle to not only save his loved ones but also to preserve his degrading sanity.

[Written by MAL Rewrite]",9.07,White Fox,2011.0,"Drama, Sci-Fi, Suspense",https://myanimelist.net/anime/9253/Steins_Gate
