title,text,subreddit,url,ups,num_comments,created_utc,label
Kenjaku vs Takaba || Jujutsu Kaisen Leaks Chapter 242,,AnimeLeaks,https://reddit.com/r/AnimeLeaks/comments/17vzxb7/kenjaku_vs_takaba_jujutsu_kaisen_leaks_chapter_242/,1,0,1700072356.0,rumor
Anime leaks in to real life,,AnimeLeaks,https://reddit.com/r/AnimeLeaks/comments/12bx8fa/anime_leaks_in_to_real_life/,0,0,1680643693.0,rumor
"""Attack on Titan: The Final Season Part 3"" opening theme ""Under the Tree"" by SIM leaked",[deleted],AnimeLeaks,https://reddit.com/r/AnimeLeaks/comments/11f7rxi/attack_on_titan_the_final_season_part_3_opening/,0,0,1677687210.0,rumor
r/AnimeRumors Lounge,[deleted],AnimeRumors,https://reddit.com/r/AnimeRumors/comments/o74yje/ranimerumors_lounge/,0,0,1624553682.0,rumor
"Where It All Started: Demon Slayer to Stream Free on YouTube Every Day, English Version Unconfirmed",,Animenews,https://reddit.com/r/animenews/comments/1kqsf6v/where_it_all_started_demon_slayer_to_stream_free/,1,0,1747703090.0,rumor
'Death Note: The Musical' Confirms New Run in November,,Animenews,https://reddit.com/r/animenews/comments/1kq9aha/death_note_the_musical_confirms_new_run_in/,1,0,1747654066.0,rumor
Demon Slayer Issues Legal Warning After Infinity Castle Trailer Leak,,Animenews,https://reddit.com/r/animenews/comments/1kjob6i/demon_slayer_issues_legal_warning_after_infinity/,1,0,1746922808.0,rumor
Crunchyroll confirms official sneak peek of new Demon Slayer Infinity Castle anime movie,,Animenews,https://reddit.com/r/animenews/comments/1kfjc45/crunchyroll_confirms_official_sneak_peek_of_new/,88,12,1746470486.0,rumor
'mono' Anime Reveals English Dub Cast and Confirms Early May Premiere,,Animenews,https://reddit.com/r/animenews/comments/1kcf6a3/mono_anime_reveals_english_dub_cast_and_confirms/,1,0,1746122264.0,rumor
"Sunghoo Park’s ‘Bullet/Bullet’ Original Anime Releases First Promo Trailer, Confirms Song Information and Theatrical Release",,Animenews,https://reddit.com/r/animenews/comments/1kap30p/sunghoo_parks_bulletbullet_original_anime/,3,0,1745936336.0,rumor
'Arknights: Rise from Ember' Confirms July Release and Production Information in New Trailer,,Animenews,https://reddit.com/r/animenews/comments/1ka1fpv/arknights_rise_from_ember_confirms_july_release/,1,0,1745861649.0,rumor
'Secrets of the Silent Witch' Confirms Bridget Greyham's Voice Actress,,Animenews,https://reddit.com/r/animenews/comments/1k8eehw/secrets_of_the_silent_witch_confirms_bridget/,1,0,1745678221.0,rumor
"'Teogonia' Anime Confirms Dub Cast, Premieres on April 25",,Animenews,https://reddit.com/r/animenews/comments/1k7izuc/teogonia_anime_confirms_dub_cast_premieres_on/,10,0,1745581863.0,rumor
Pokémon Leaker Targeted in Nintendo U.S. Subpoena Request to Discord,,Animenews,https://reddit.com/r/animenews/comments/1k6r0ew/pokémon_leaker_targeted_in_nintendo_us_subpoena/,8,1,1745497881.0,rumor
"The Rising of the Shield Hero Season 4 Trailer Drops, Confirms July 2025 Premiere",,Animenews,https://reddit.com/r/animenews/comments/1k6i5rj/the_rising_of_the_shield_hero_season_4_trailer/,3,0,1745464123.0,rumor
"'Reborn as a Vending Machine, I Now Wander the Dungeon' Season 2 Trailer Released, July Premiere Confirmed",,Animenews,https://reddit.com/r/animenews/comments/1k5xvwx/reborn_as_a_vending_machine_i_now_wander_the/,1,0,1745411233.0,rumor
'Cute High Earth Defense Club Haikara!' Anime Confirms July Premiere and Other Information with New Trailer,,Animenews,https://reddit.com/r/animenews/comments/1k43ovl/cute_high_earth_defense_club_haikara_anime/,1,0,1745204949.0,rumor
[Rewatch] 35th Anniversary Nadia: The Secret of Blue Water Rewatch: Episode 37,"#Nadia: The Secret of Blue Water Episode 37: [Emperor Neo / ネオ皇帝]( https://i.imgur.com/JhkaltP.png)    

| ← [Episode 36]( https://old.reddit.com/r/anime/comments/1kpuc55/rewatch_35th_anniversary_nadia_the_secret_of_blue/) | [Index](https://old.reddit.com/r/anime/comments/1jnmjx3/rewatch_35th_anniversary_nadia_the_secret_of_blue/) | Episode 38 → |
:--:|:--:|:--:|

___

#Watch Information

* **Streaming**: [Retrocrush](https://www.retrocrush.tv/details/1000000009651/Nadia:-The-Secret-of-Blue-Water-(Original-Japanese) | [Retrocrush (Dub)](https://www.retrocrush.tv/details/1000000009652/Nadia:-The-Secret-of-Blue-Water-(English-Dubbed) | [Apple TV+](https://tv.apple.com/us/show/nadia-the-secret-of-blue-water/umc.cmc.38ivx563kkodjuzhc8ldocsow).
* **Databases**: [MAL](https://myanimelist.net/anime/1251/Fushigi_no_Umi_no_Nadia?q=nadia&amp;cat=anime) | [Anilist](https://anilist.co/anime/1251/Fushigi-no-Umi-no-Nadia/) | [ANN](https://www.animenewsnetwork.com/encyclopedia/anime.php?id=48) | [ani",anime,https://reddit.com/r/anime/comments/1kqn2hh/rewatch_35th_anniversary_nadia_the_secret_of_blue/,1,1,1747688409.0,rumor
New idea about No-Face,"No-Face, the popular character from Spirited Away, is a blobby gender queer drag clown made from spectral black goo and other important Japanese symbols. “He’s Miyazaki’s alter ego,” someone from the studio said. “I think there’s a bit of No-Face in all of us,” Miyazaki replies.

This abjection incarnating phantom wears a mask inspired by Noh theater and a body inspired by silkworms and Bunraku puppeteers. This makes him a repository or complex hieroglyph indexing Japanese arts, sericulture, and the possibility for transformation. The purple hairband comes from threads that No-Face spun. Silkworms are also historically tied to women.

Layered like a musical chord, these higher notes are rooted by a bass note of repressed postwar Japanese anxieties; the faceless ‘demon’ becomes possessed by a rampaging, insecure, greedy child embodying US imperialism and, as Ayumi Suzuki puts it, the nightmare of capitalism. People run from No-Face like he is Godzilla; in both we see echoes of Hiroshima",anime,https://reddit.com/r/anime/comments/1kqhai6/new_idea_about_noface/,1,0,1747674939.0,rumor
Gorilla lovers episode 6 (spoilers),[removed],anime,https://reddit.com/r/anime/comments/1kq1co4/gorilla_lovers_episode_6_spoilers/,1,1,1747622993.0,rumor
