title,text,url,source,anime,label
"Zipangu Music Festival Brings Ado, 'Atarashii Gakkō!,' More Japanese Artists to Los Angeles","Event on May 16 also hosts Chanmina, Hana, MAN WITH A MISSION, Yuki Chiba, 10-Feet",https://www.animenewsnetwork.com/news/2025-11-22/zipangu-music-festival-brings-ado-atarashii-gakko-more-japanese-artists-to-los-angeles/.231295,AnimeNewsNetwork,unknown,real
"Rakuen Tsuihō -Expelled from Paradise- Kokoro no Resonance Sequel Film's 3rd Teaser Unveils More Staff, November 2026 Opening","Ayane Sakura, Saori Hayami, Yoshino Aoyama, Sally Amaki star",https://www.animenewsnetwork.com/news/2025-11-22/rakuen-tsuiho-expelled-from-paradise-kokoro-no-resonance-sequel-film-3rd-teaser-unveils-more-staff-/.231300,AnimeNewsNetwork,OP,real
"Japan's Video Game Rankings, November 10-16","Momotaro Dentetsu 2 debuts at #1 for Switch, #3 for Switch 2",https://www.animenewsnetwork.com/news/2025-11-22/japan-video-game-rankings-november-10-16/.231294,AnimeNewsNetwork,unknown,real
Scum of the Brave TV Anime Casts Yumiri Hanamori,Harumi voices Sara Kashiwagi Pendragon,https://www.animenewsnetwork.com/news/2025-11-22/scum-of-the-brave-tv-anime-casts-yumiri-hanamori/.231298,AnimeNewsNetwork,unknown,real
"Japanese Animation TV Ranking, November 10-16",My Hero Academia earns 3.3% rating; Wandance earns 2.4% rating,https://www.animenewsnetwork.com/news/2025-11-22/japanese-animation-tv-ranking-november-10-16/.231293,AnimeNewsNetwork,My Hero Academia,real
Tokyopop Reveals 11 New Manga Licenses,"How My Cute Girlfriend and I Started a Love Story; There, Beneath the Water; more licensed",https://www.animenewsnetwork.com/news/2025-11-22/tokyopop-reveals-11-new-manga-licenses/.231292,AnimeNewsNetwork,OP,real
"Demon Slayer, Scarlet, Chainsaw Man, ChaO, More Anime Films Confirmed Eligible for 2026 Oscars","Colorful Stage!, 100 Meters, Dragon Heart, Lost in Starlight, KPop Demon Hunters also eligible",https://www.animenewsnetwork.com/news/2025-11-22/demon-slayer-scarlet-chainsaw-man-chao-more-anime-films-confirmed-eligible-for-2026-oscars/.231289,AnimeNewsNetwork,OP,real
My Happy Marriage Anime Gets 3-Episode Special in 2026,"Anime airs on TV, streams worldwide on Netflix",https://www.animenewsnetwork.com/news/2025-11-21/my-happy-marriage-anime-gets-3-episode-special-in-2026/.231270,AnimeNewsNetwork,unknown,real
"Korean Appeals Court Sentences Operator Behind NunuTV, OKToon Piracy Sites to 4.5 Years in Prison",Appeals court serves harsher sentence than initial 3-year term issued by lower court,https://www.animenewsnetwork.com/news/2025-11-21/korean-appeals-court-sentences-operator-behind-nunutv-oktoon-piracy-sites-to-4.5-years-in-prison/.231186,AnimeNewsNetwork,OP,real
Jaedam Media to Release French Webtoon Selection in Korean in 2026,"Initiative commemorates 140th anniversary of diplomatic relations between Korea, France",https://www.animenewsnetwork.com/news/2025-11-21/jaedam-media-to-release-french-webtoon-selection-in-korean-in-2026/.231183,AnimeNewsNetwork,unknown,real
Lezhin Entertainment Launches New Webtoon-Based Music Project Group,SPAKLZ features characters from 14 Lezhin webtoons,https://www.animenewsnetwork.com/news/2025-11-21/lezhin-entertainment-launches-new-webtoon-based-music-project-group/.231258,AnimeNewsNetwork,unknown,real
An Hour of Romance Webtoon Confirmed for Live-Action Adaptation,Story follows 2 people who begin swapping souls for exactly 1 hour each day,https://www.animenewsnetwork.com/news/2025-11-21/an-hour-of-romance-webtoon-confirmed-for-live-action-adaptation/.231187,AnimeNewsNetwork,OP,real
My Daughter is a Zombie Film Wins Top Audience Award at Blue Dragon Film Awards,Webtoon-based feature was nominated in 7 major categories,https://www.animenewsnetwork.com/news/2025-11-21/my-daughter-is-a-zombie-film-wins-top-audience-award-at-blue-dragon-film-awards/.231261,AnimeNewsNetwork,OP,real
'Now That We Draw' Manga Gets TV Anime,"Ayumu Murase, Sayumi Suzushiro star in romantic comedy anime from ROLL2 studio",https://www.animenewsnetwork.com/news/2025-11-21/now-that-we-draw-manga-gets-tv-anime/.231278,AnimeNewsNetwork,unknown,real
"'Noble Reincarnation: Born Blessed, So I'll Obtain Ultimate Power' Anime Reveals More Cast, Key Visual","Shinichirō Miki, Kōji Yusa, Daisuke Ono, Kengo Kawanishi join cast of anime debuting in January",https://www.animenewsnetwork.com/news/2025-11-21/noble-reincarnation-born-blessed-so-ill-obtain-ultimate-power-anime-reveals-more-cast-key-visual/.231274,AnimeNewsNetwork,unknown,real
"'Anyway, I'm Falling in Love with You' 2nd Season Reveals January 8 Debut, New Visual","Crunchyroll to stream season in N. America, Central America, S. America, Europe, Africa, Oceania, Middle East, CIS, India, Southeast Asia",https://www.animenewsnetwork.com/news/2025-11-21/anyway-im-falling-in-love-with-you-2nd-season-reveals-january-8-debut-new-visual/.231273,AnimeNewsNetwork,OP,real
"MF Ghost 3rd Season Anime Reveals January 4 Debut, Theme Songs in Promo Video","Yū Serizawa, Himika Akaneya perform themes",https://www.animenewsnetwork.com/news/2025-11-21/mf-ghost-3rd-season-anime-reveals-january-4-debut-theme-songs-in-promo-video/.231272,AnimeNewsNetwork,unknown,real
Live-Action Return to Silent Hill Film's Trailer Shows James Drawn to Town,Trailer shows scenes calling back to Silent Hill 2,https://www.animenewsnetwork.com/news/2025-11-21/live-action-return-to-silent-hill-film-trailer-shows-james-drawn-to-town/.231271,AnimeNewsNetwork,unknown,real
2nd Live-Action Golden Kamuy Film Casts Tetta Sugimoto as Anji Toni,Sugimoto plays Abashiri convict in film opening on March 13,https://www.animenewsnetwork.com/news/2025-11-21/2nd-live-action-golden-kamuy-film-casts-tetta-sugimoto-as-anji-toni/.231253,AnimeNewsNetwork,OP,real
Let This Grieving Soul Retire! 2nd Season Anime Casts Hidenari Ugaki,Ugaki plays level 6 hunter Kechachakka Munk in 21st episode,https://www.animenewsnetwork.com/news/2025-11-21/let-this-grieving-soul-retire-2nd-season-anime-casts-hidenari-ugaki/.231256,AnimeNewsNetwork,unknown,real
Nippon Ichi Reveals Shinigami Hime to Ishokan no Kaibutsu Game,"Side-scrolling fantasy adventure releases on Switch, Switch 2, PS5 on April 30",https://www.animenewsnetwork.com/news/2025-11-20/nippon-ichi-reveals-shinigami-hime-to-ishokan-no-kaibutsu-game/.231252,AnimeNewsNetwork,unknown,real
The Great Jahy Will Not Be Defeated! Manga to End in 13th Volume,13th volume ships in fall 2026,https://www.animenewsnetwork.com/news/2025-11-20/the-great-jahy-will-not-be-defeated-manga-to-end-in-13th-volume/.231254,AnimeNewsNetwork,unknown,real
"Fist of the North Star: Elegy of Ken-Oh's Army Grunts Anime Unveils Staff, January 5 Debut","Takuma Hase, Yūma Saitō direct anime at Do-Raku",https://www.animenewsnetwork.com/news/2025-11-20/fist-of-the-north-star-elegy-of-ken-oh-army-grunts-anime-unveils-staff-january-5-debut/.231255,AnimeNewsNetwork,unknown,real
Gundam: Silver Phantom VR Anime Debuts on PlayStation VR2 on November 21,Anime previously released for Meta Quest headsets in October 2024,https://www.animenewsnetwork.com/news/2025-11-20/gundam-silver-phantom-vr-anime-debuts-on-playstation-vr2-on-november-21/.231251,AnimeNewsNetwork,unknown,real
"Donkey Kong Bananza, Pokémon GO Win at Golden Joystick Awards 2025",Clair Obscur: Expedition 33 wins Ultimate Game of the Year,https://www.animenewsnetwork.com/news/2025-11-20/donkey-kong-bananza-pokemon-go-win-at-golden-joystick-awards-2025/.231250,AnimeNewsNetwork,unknown,real
"Seishōnen Ashibe's Hiromi Morishita, Syohei Launch New Manga on December 19","Morishita, Syohei launch The Palace at the Edge of Japan manga about revitalization of Japan's largest village",https://www.animenewsnetwork.com/news/2025-11-20/seishonen-ashibe-hiromi-morishita-syohei-launch-new-manga-on-december-19/.231200,AnimeNewsNetwork,unknown,real
Sai-Kyo-Oh! Zukan: The Ultimate Tournament Anime Gets 'Special Edition' Film on January 23,2nd television anime based on Sai-Kyo-Oh! Zukan children's book series premiered on April 6,https://www.animenewsnetwork.com/news/2025-11-20/sai-kyo-oh-zukan-the-ultimate-tournament-anime-gets-special-edition-film-on-january-23/.231241,AnimeNewsNetwork,unknown,real
"Sickness Unto Death Artist Takahiro Seguchi, Yōshō Tokiwa Launches New Manga",Otonari-san no Gyaru ga Boku wo Horesasetakute Zenryokusugiru debuted on November 14,https://www.animenewsnetwork.com/news/2025-11-20/sickness-unto-death-artist-takahiro-seguchi-yosho-tokiwa-launches-new-manga/.231136,AnimeNewsNetwork,unknown,real
Hiru Morino's Luna Knight Manga Ends,Series debuted in September 2024; will get release from Seven Seas starting in August 2026,https://www.animenewsnetwork.com/news/2025-11-20/hiru-morino-luna-knight-manga-ends/.231143,AnimeNewsNetwork,unknown,real
Yasuo Ohtagaki's 'Candy Box Creations' 1-Shot Series Ends,1-shot series launched in December 2024,https://www.animenewsnetwork.com/news/2025-11-20/yasuo-ohtagaki-candy-box-creations-1-shot-series-ends/.231220,AnimeNewsNetwork,unknown,real
Ys X: Proud Nordics Game Heads West on February 20,"Game slated for Switch 2, PS5, PC",https://www.animenewsnetwork.com/news/2025-11-20/ys-x-proud-nordics-game-heads-west-on-february-20/.231246,AnimeNewsNetwork,unknown,real
Are You Lost? Manga Creator Kentarō Okamoto Launches New Manga,Katami Shoulder draws art for Okōcha of the Living Dead zombie manga,https://www.animenewsnetwork.com/news/2025-11-20/are-you-lost-manga-creator-kentaro-okamoto-launches-new-manga/.231178,AnimeNewsNetwork,unknown,real
Chainsaw Man Manga Ranks at #4 on NYT November Bestseller List,The 19th volume of Tatsuki Fujimoto's Chainsaw Man manga ranked at #4 on The New York Times' monthly Graphic Books and Manga bestseller list released in...,https://www.animenewsnetwork.com/daily-briefs/2025-11-20/chainsaw-man-manga-ranks-at-no.4-on-nyt-november-bestseller-list/.231123,AnimeNewsNetwork,Chainsaw Man,real
Young Magazine US Reveals 5 Manga Poll Winners to Get Simultaneous English Serialization,"Poll received 281,461 votes; Kami Nishio's Still You tops poll",https://www.animenewsnetwork.com/news/2025-11-20/young-magazine-us-reveals-5-manga-poll-winners-to-get-simultaneous-english-serialization/.231244,AnimeNewsNetwork,OP,real
Frieren: Beyond Journey's End 2nd Season Anime's New Trailer Reveals milet's Ending Theme,New season premieres on January 16,https://www.animenewsnetwork.com/news/2025-11-20/frieren-beyond-journey-end-2nd-season-anime-new-trailer-reveals-milet-ending-theme/.231237,AnimeNewsNetwork,unknown,real
"'Saioshi no Gikei o Mederu Tame, Nagaikishimasu!' Light Anime Stars Ayumu Murase, Shōta Aoi",Series debuts in January,https://www.animenewsnetwork.com/news/2025-11-20/saioshi-no-gikei-o-mederu-tame-nagaikishimasu-light-anime-stars-ayumu-murase-shota-aoi/.231243,AnimeNewsNetwork,unknown,real
Live-Action Solitary Gourmet Show Gets 9th Consecutive New Year's Special,Part of special will be live broadcast for 1st time in 5 years,https://www.animenewsnetwork.com/news/2025-11-20/live-action-solitary-gourmet-show-gets-9th-consecutive-new-year-special/.231242,AnimeNewsNetwork,unknown,real
"Kaya-chan Isn't Scary Anime's 2nd Promo Video Unveils More Cast, Staff, Theme Song Artists, January 11 Debut","Toshiyuki Morikawa, Mamiko Noto, Haruka Tomatsu, Yoshiko Sakakibara join anime's cast",https://www.animenewsnetwork.com/news/2025-11-20/kaya-chan-isnt-scary-anime-2nd-promo-video-unveils-more-cast-staff-theme-song-artists-january-11-/.231234,AnimeNewsNetwork,unknown,real
Steins;Gate Re:Boot Game Heads West in 2026,Spike Chunsoft to release game on PC via Steam,https://www.animenewsnetwork.com/news/2025-11-20/steins-gate-re-boot-game-heads-west-in-2026/.231239,AnimeNewsNetwork,Steins;Gate,real
Daemon x Machina: Titanic Scion Game's Into the Abyss DLC Launches,"Expansion includes new map, storyline, equipment, enemies",https://www.animenewsnetwork.com/news/2025-11-20/daemon-x-machina-titanic-scion-game-into-the-abyss-dlc-launches/.231140,AnimeNewsNetwork,unknown,real
Celebrating 60 years of Ultraman at the American Dream Mall,Check out this article celebrating the 60 years of a hero who continues to&hellip;,https://animecorner.me/celebrating-60-years-of-ultraman-at-the-american-dream-mall/,AnimeCorner,unknown,real
Avatar: The Last Airbender - 20th Anniversary Panel at NYCC 2025,,https://animecorner.me/avatar-the-last-airbender-20th-anniversary-panel-at-nycc-2025/,AnimeCorner,unknown,real
WEBTOON Interview: Ro-taniah (Star Catcher) & ToniRenea (Osora),Check out this interview with WEBTOON Creators Ro-Taniah (Star Catcher) &amp; ToniRenea (Osora),https://animecorner.me/webtoon-interview-ro-taniah-star-catcher-tonirenea-osora/,AnimeCorner,unknown,real
An Interview With the Legendary Kenjiro Tsuda: Yu-Gi-Oh! 25th Anniversary at Anime NYC 2025,"Check out this exhilarating interview with Kenjiro Tsuda-san, who voices Seto Kaiba in Yu-Gi-Oh!",https://animecorner.me/an-interview-with-the-legendary-kenjiro-tsuda-yu-gi-oh-25th-anniversary-at-anime-nyc-2025/,AnimeCorner,unknown,real
"WEBTOON Interview: Punko (Stagtown, Cinderella Boy) & Brent Bristol (Ordeal)",,https://animecorner.me/webtoon-interview-punko-stagtown-cinderella-boy-brent-bristol-ordeal/,AnimeCorner,unknown,real
"Tetsuo Hara in Lucca Comics & Games 2025: Award, Exhibition, and Activities",,https://animecorner.me/tetsuo-hara-in-lucca-comics-games-award-exhibition-and-activities/,AnimeCorner,unknown,real
My Happy Marriage Gets Special Episodes in 2026,"My Happy Marriage anime is getting three special episodes in 2026, exclusively streamed on&hellip;",https://animecorner.me/my-happy-marriage-gets-special-episodes-in-2026/,AnimeCorner,unknown,real
Fall 2025 Anime Rankings - Week 7,"The seventh weekly poll for the Fall 2025 anime season, hosted by Anime Corner,&hellip;",https://animecorner.me/fall-2025-anime-rankings-week-7/,AnimeCorner,unknown,real
Now That We Draw Gets Anime Adaptation,Now That We Draw manga is getting an anime adaptation by studio ROLL2. The&hellip;,https://animecorner.me/now-that-we-draw-gets-anime-adaptation/,AnimeCorner,unknown,real
"Anyway, I'm Falling in Love with You Season 2 Unveils New Visual, January 8 Premiere","The upcoming Anyway, I'm Falling in Love with You Season 2 anime unveiled a&hellip;",https://animecorner.me/anyway-im-falling-in-love-with-you-season-2-unveils-new-visual-january-8-premiere/,AnimeCorner,unknown,real
"Newgenesis.cos on the Art of Cosplay, Umamusume and Italian Otaku Culture",Cosplay is an art. There's more to cosplaying than merely replicating the looks of&hellip;,https://animecorner.me/newgensis-cos-on-the-art-of-cosplay-umamusume-and-italian-otaku-culture/,AnimeCorner,unknown,real
Frieren: Beyond Journey's End Season 2 Unveils New Trailer,The upcoming Frieren: Beyond Journey's End Season 2 unveiled a new trailer on Thursday.&hellip;,https://animecorner.me/frieren-beyond-journeys-end-season-2-unveils-new-trailer/,AnimeCorner,unknown,real
"Kaya-chan Isn’t Scary Anime Unveils New Trailer, Additional Cast, Theme Songs, January 11 Premiere","Kaya-chan Isn’t Scary anime unveiled a new trailer along with additional cast members, theme&hellip;",https://animecorner.me/kaya-chan-isnt-scary-anime-unveils-new-trailer-additional-cast-theme-songs-january-11-premiere/,AnimeCorner,unknown,real
"Magnetic Press Brings FREAKS’ SQUEELE to Kickstarter With All Seven Volumes, Artbook, and Collector's Box","Magnetic Press is launching a Kickstarter campaign for FREAKS’ SQUEELE, the seven-volume comic series&hellip;",https://animecorner.me/magnetic-press-brings-freaks-squeele-to-kickstarter-with-all-seven-volumes-artbook-and-collectors-box/,AnimeCorner,unknown,real
"That Time I Got Reincarnated as a Slime the Movie: Tears of the Azure Sea Reveals Key Visual, Trailer, Additional Cast",The upcoming That Time I Got Reincarnated as a Slime the Movie: Tears of&hellip;,https://animecorner.me/that-time-i-got-reincarnated-as-a-slime-the-movie-tears-of-the-azure-sea-reveals-key-visual-trailer-additional-cast/,AnimeCorner,unknown,real
"Killed Again, Mr. Detective Light Novel Gets Anime","Killed Again, Mr. Detective light novel written by Teniwoha and illustrated by Riichu is&hellip;",https://animecorner.me/killed-again-mr-detective-light-novel-gets-anime/,AnimeCorner,unknown,real
"Witch Hat Atelier Reveals New Teaser Trailer, Main Cast, April 2026 Premiere",Witch Hat Atelier revealed a new teaser trailer featuring the main cast and an&hellip;,https://animecorner.me/witch-hat-atelier-reveals-new-teaser-trailer-main-cast-april-2026-premiere/,AnimeCorner,unknown,real
"Re:ZERO Season 4 Reveals New Trailer, Visual, April 2026 Premiere, Reid's Voice Actor","At the MF Bunko J Autumn School Festival special program, the upcoming Re:ZERO Season&hellip;",https://animecorner.me/rezero-season-4-reveals-new-trailer-visual-april-2026-premiere-reids-voice-actor/,AnimeCorner,Re:Zero,real
"A Misanthrope Teaches a Class for Demi-Humans Reveals Additional Cast, Opening Theme Song",The previously announced A Misanthrope Teaches a Class for Demi-Humans revealed five additional cast&hellip;,https://animecorner.me/a-misanthrope-teaches-a-class-for-demi-humans-reveals-additional-cast-opening-theme-song/,AnimeCorner,OP,real
Sasaki and Peeps Season 2 Unveils New Visual,The upcoming Sasaki and Peeps Season 2 has unveiled a new visual and a&hellip;,https://animecorner.me/sasaki-and-peeps-season-2-unveils-new-visual/,AnimeCorner,unknown,real
"Playing Death Games to Put Food on the Table Reveals Visual, Trailer, Additional Cast",The upcoming Playing Death Games to Put Food on the Table revealed a new&hellip;,https://animecorner.me/playing-death-games-to-put-food-on-the-table-reveals-visual-trailer-additional-cast/,AnimeCorner,unknown,real
"The Detective Is Already Dead Season 2 Reveals Teaser Trailer, July 2026 Premiere",The Detective Is Already Dead Season 2 revealed a teaser trailer and a July&hellip;,https://animecorner.me/the-detective-is-already-dead-season-2-reveals-teaser-trailer-july-2026-premiere/,AnimeCorner,unknown,real
Fam Kuji Is Giving Us The Cafe Terrace and Its Goddessed Neko Maids,"The Megami no Café Terrace has ended, but thanks to the Fam Kuji x&hellip;",https://animecorner.me/fam-kuji-is-giving-us-the-cafe-terrace-and-its-goddessed-neko-maids/,AnimeCorner,unknown,real
"Classroom of the Elite Season 4 New Trailer Features Additional Cast, April 2026 Premeire",Classroom of the Elite Season 4 revealed a new trailer featuring 6 additional cast&hellip;,https://animecorner.me/classroom-of-the-elite-season-4-new-trailer-features-additional-cast-april-2026-premeire/,AnimeCorner,unknown,real
The 19 Episode of Umamusume: Cinderella Gray Is Delayed,It's an unfortunate week for horse-girl lovers. The 19th episode of Umamusume: Cinderella Gray&hellip;,https://animecorner.me/the-19-episode-of-umamusume-cinderella-gray-is-delayed/,AnimeCorner,unknown,real
MANGA REVIEW: Isekai Metaller Is a Hard Rocking Fantasy Adventure,"Ever think the current wave of reincarnation isekai could be more&#8230; well&#8230; metal? Good news: now there&#8217;s one that is! Kasuga Ryo&#8217;s Isekai Metaller is coming from Titan Manga next month, bringing with it an unlikely fantasy hero. But don&#8217;t let his grim appearance fool you. His goal is to help everyone feel heard and understood. Join us...",https://otakuusamagazine.com/manga-review-isekai-metaller-volume-1/,OtakuUSA,unknown,real
Three Powerful Back-to-School Anime,"It&#8217;s back-to-school time again! And we could hit you with the usual school-centric anime series to get you back in the mindset. But we&#8217;re pretty sure you&#8217;ve all caught up to My Hero Academia and MASHLE: MAGIC &#38; MUSCLES by now. (And if you haven&#8217;t, you really should!) So we&#8217;re diving backward to find some classics, as well...",https://otakuusamagazine.com/back-to-school-anime-2025/,OtakuUSA,My Hero Academia,real
Classic Japanese TRPG Wares Bade is Now Live on Kickstarter,"Love tabletop RPGs, but wish they had a little more mecha in them? The solution is on its way! Classic Japanese TRPG Wares Blade is coming soon from LionWing, and a crowdfunding campaign is now underway. With your support, the company can bring this vintage title to the West in a faithful, playable format. But who...",https://otakuusamagazine.com/wares-blade-lionwing-kickstarter/,OtakuUSA,OP,real
Interview with KAF of KAMITSUBAKI CITY UNDER CONSTRUCTION,"After our interview in October 2024, Otaku USA caught up with KAF about the airing of the new KAMITSUBAKI CITY UNDER CONSTRUCTION anime on Crunchyroll. Read the full interview with KAF to learn more about her creative process and experience on her first anime credit. ©KAMITSUBAKI STUDIO/SINKA ANIMATION PROJECT Congratulations on the airing of KAMITSUBAKI...",https://otakuusamagazine.com/kaf-interview-kamitsuki-city-under-construction/,OtakuUSA,unknown,real
"Plus-Sized Misadventures in Love! Anime Shares New Trailer, Adds to Cast","More details have arrived for the Plus-Sized Misadventures in Love! anime, which kicks off its adaptation of mamakari’s manga on October 6. In addition to a new trailer and visual, the staff behind the series announced more cast members and theme song info. GANG PARADE is on the opening song, “Happy Yummy Lucky Yummy,” and...",https://otakuusamagazine.com/plus-sized-misadventures-in-love-anime-shares-new-trailer-adds-to-cast/,OtakuUSA,OP,real
"I Want Your Mother to Be with Me! Is a Laid-back, Slice-of-Life Love Story","In I Want Your Mother to Be with Me!, Ryo is working part-time while trying to pass his accounting exam. He’s also head over heels in love with his coworker, Yuzuki, though she doesn’t know that yet. Yuzuki is a single mom whose husband died shortly after she had her baby. Ryo thinks everything about...",https://otakuusamagazine.com/i-want-your-mother-to-be-with-me-is-a-laid-back-slice-of-life-love-story/,OtakuUSA,unknown,real
Manga’s Disaster “Prediction” Might Still Be Affecting Japanese Tourism,"Japan saw a drop in tourism — most specifically from Hong Kong — due to the prediction of a manga creator whom some people believe to be psychic. Ryo Tatsuki, the mangaka, rose to fame after her dream book allegedly predicted the 2011 earthquake. When she published another book saying there would be a terrible...",https://otakuusamagazine.com/mangas-disaster-prediction-might-still-be-affecting-japanese-tourism/,OtakuUSA,OP,real
"Room of Guilty Pleasure Anime Shows Off Trailer After Revealing Early, Uncensored Release","The manga Room of Guilty Pleasure (a.k.a. Guilty Hole: Oshiego Shika Shimei Dekinai Mise for the original Japanese title) is getting an anime adaptation from AnimeFesta. It’s debuting on Japanese TV on October 5, but will get an early (and uncensored) release on September 12 on the streaming outlet OceanVeil. This trailer also dropped for...",https://otakuusamagazine.com/room-of-guilty-pleasure-anime-shows-off-trailer-after-revealing-early-uncensored-release/,OtakuUSA,OP,real
Kaiju No. 8 Season 2 Trailer Looks Ahead to Next Arc,"A new arc is about to kick off in Kaiju No. 8 season 2, which continues to adapt the Shonen Jump manga by Naoya Matsumoto. Next up for the series is the Bungui-toge Subjugation Operation arc, which begins in episode 19. Check out a preview in the trailer below. Kaiju No. 8 Bungui-toge Subjugation Operation...",https://otakuusamagazine.com/kaiju-no-8-season-2-trailer-looks-ahead-to-next-arc/,OtakuUSA,OP,real
MANGA REVIEW: City Hunter and Cat’s Eye Omnibus Editions,"Between the new City Hunter movie on Netflix and an upcoming Cat&#8217;s Eye anime adaptation, it&#8217;s a big couple of years for Tsukasa Hojo fans. His two biggest series have always been popular, but they&#8217;re getting more attention than ever lately. So it feels like the perfect time to dive back into the manga that started it all&#8230;...",https://otakuusamagazine.com/manga-review-city-hunter-and-cats-eye-omnibus-editions/,OtakuUSA,OP,real
Translator Yuki Tejima Talks With Anime Herald,"""The brilliant bookstores, big and small, were how I familiarized myself with Tokyo when I first moved to the city, as they took me to neighborhoods I would never know about otherwise.""
Translator Yuki Tejima Talks With Anime Herald - Seth Burn",https://www.animeherald.com/2025/11/20/translator-yuki-tejima-talks-with-anime-herald/?utm_source=rss&utm_medium=rss&utm_campaign=translator-yuki-tejima-talks-with-anime-herald,Anime Herald,unknown,real
A Pair of Conversations With Studio Trigger,"""For twenty to thirty minutes, I want fans to laugh like an idiot and then forget what they’ve watched. I hope it can be that fun time each week they get to do that.""
A Pair of Conversations With Studio Trigger - Seth Burn",https://www.animeherald.com/2025/11/19/a-pair-of-conversations-with-studio-trigger/?utm_source=rss&utm_medium=rss&utm_campaign=a-pair-of-conversations-with-studio-trigger,Anime Herald,OP,real
Kenjiro Tsuda Talks Yu-Gi-Oh! At Anime NYC 2025,"Anime Corner: The rivalry between Seto Kaiba and Yugi is one of the most iconic in modern anime. How do you approach the scenes whenever they clash? Kenjiro Tsuda: Kaiba is a character with strong mental fortitude. Sometimes, he’ll be driven into a corner in battle, but he never gives up. That’s the mindset that [&#8230;]
Kenjiro Tsuda Talks Yu-Gi-Oh! At Anime NYC 2025 - Seth Burn",https://www.animeherald.com/2025/11/15/kenjiro-tsuda-talks-yu-gi-oh-at-anime-nyc-2025/?utm_source=rss&utm_medium=rss&utm_campaign=kenjiro-tsuda-talks-yu-gi-oh-at-anime-nyc-2025,Anime Herald,unknown,real
Yoko Takahashi Talks With Anime Herald,"Unidentified Gaming Magazine: Over your entire career, you’ve sang jazz, pop, and rock. How have you trained your voice to do so many genres and maintain your voice? Yoko Takahashi: When I was growing up, I was in a chorus group for ten years. A lot of the training that I learned during that time [&#8230;]
Yoko Takahashi Talks With Anime Herald - Seth Burn",https://www.animeherald.com/2025/11/08/yoko-takahashi-talks-with-anime-herald/?utm_source=rss&utm_medium=rss&utm_campaign=yoko-takahashi-talks-with-anime-herald,Anime Herald,OP,real
A Conversation With Spy x Family’s Kenichirō Matsuda and Emiri Katō,"""I think being nervous is actually important. You don’t need to overcome it. You need to accept that part of yourself. That makes me feel more serious about this role. I am becoming friends with my nervousness.""
A Conversation With Spy x Family&#8217;s Kenichirō Matsuda and Emiri Katō - Seth Burn",https://www.animeherald.com/2025/11/01/a-conversation-with-spy-x-familys-kenichiro-matsuda-and-emiri-kato/?utm_source=rss&utm_medium=rss&utm_campaign=a-conversation-with-spy-x-familys-kenichiro-matsuda-and-emiri-kato,Anime Herald,Spy x Family,real
A Brief Preview of Anime Herald Magazine,"Good evening, everybody. I&#8217;m excited to announce that the design phase for Anime Herald Magazine is nearly complete. With November just a few days away, we&#8217;re all hard at work to bring you the best publication possible. I have a surprise to share with you today, though, as we received preview pages for our reprint [&#8230;]
A Brief Preview of Anime Herald Magazine - Samantha Ferreira",https://www.animeherald.com/2025/10/29/a-brief-preview-of-anime-herald-magazine/?utm_source=rss&utm_medium=rss&utm_campaign=a-brief-preview-of-anime-herald-magazine,Anime Herald,unknown,real
A Conversation With 100 Meters Director Kenji Iwaisawa,"""Personally, I don’t like to include violence in my work unless it is necessary, and it is usually not. Even though a fight is about to break out, it’s not going to actually. That’s a conscious decision I make, because I don’t want to depict it.""
A Conversation With 100 Meters Director Kenji Iwaisawa - Seth Burn",https://www.animeherald.com/2025/10/28/a-conversation-with-100-meters-director-kenji-iwaisawa/?utm_source=rss&utm_medium=rss&utm_campaign=a-conversation-with-100-meters-director-kenji-iwaisawa,Anime Herald,unknown,real
Miss Kobayashi’s Dragon Maid’s Cast Talks With Anime Herald,"""I feel like in the movie, there are a lot more scenes where, for Kanna’s lines, I am tearing up. Of course, there are a lot of very serious scenes throughout the movie.""
Miss Kobayashi&#8217;s Dragon Maid&#8217;s Cast Talks With Anime Herald - Seth Burn",https://www.animeherald.com/2025/10/27/miss-kobayashis-dragon-maids-cast-talks-with-anime-herald/?utm_source=rss&utm_medium=rss&utm_campaign=miss-kobayashis-dragon-maids-cast-talks-with-anime-herald,Anime Herald,unknown,real
The Unseen Art of Anime Storyboarding,"While flashy animation and iconic voice acting steal the spotlight, it’s the storyboard that quietly shapes every episode’s identity. These humble sketches are where an anime breathes its first breath—where action scenes come to life and emotional moments find their framing.
The Unseen Art of Anime Storyboarding - Rohan",https://www.animeherald.com/2025/10/25/the-unseen-art-of-anime-storyboarding/?utm_source=rss&utm_medium=rss&utm_campaign=the-unseen-art-of-anime-storyboarding,Anime Herald,unknown,real
The Call of the Night Dub Cast Talks With Anime Herald,"Anime Herald: For my first question, I need to make it clear that I knew the two of you would be here (Natalie Rial, Gabriel Regojo), but I did not know you would be here (Shannon D. Reed). You will understand how that is very relevant to the question. Natalie Rial: I’m excited. Anime Herald: [&#8230;]
The Call of the Night Dub Cast Talks With Anime Herald - Seth Burn",https://www.animeherald.com/2025/10/23/the-call-of-the-night-dub-cast-talks-with-anime-herald/?utm_source=rss&utm_medium=rss&utm_campaign=the-call-of-the-night-dub-cast-talks-with-anime-herald,Anime Herald,unknown,real
