title,text,url,source,anime,label
MANGA REVIEW: Isekai Metaller Is a Hard Rocking Fantasy Adventure,"Ever think the current wave of reincarnation isekai could be more&#8230; well&#8230; metal? Good news: now there&#8217;s one that is! Kasuga Ryo&#8217;s Isekai Metaller is coming from Titan Manga next month, bringing with it an unlikely fantasy hero. But don&#8217;t let his grim appearance fool you. His goal is to help everyone feel heard and understood. Join us...",https://otakuusamagazine.com/manga-review-isekai-metaller-volume-1/,OtakuUSA,unknown,real
Three Powerful Back-to-School Anime,"It&#8217;s back-to-school time again! And we could hit you with the usual school-centric anime series to get you back in the mindset. But we&#8217;re pretty sure you&#8217;ve all caught up to My Hero Academia and MASHLE: MAGIC &#38; MUSCLES by now. (And if you haven&#8217;t, you really should!) So we&#8217;re diving backward to find some classics, as well...",https://otakuusamagazine.com/back-to-school-anime-2025/,OtakuUSA,My Hero Academia,real
Classic Japanese TRPG Wares Bade is Now Live on Kickstarter,"Love tabletop RPGs, but wish they had a little more mecha in them? The solution is on its way! Classic Japanese TRPG Wares Blade is coming soon from LionWing, and a crowdfunding campaign is now underway. With your support, the company can bring this vintage title to the West in a faithful, playable format. But who...",https://otakuusamagazine.com/wares-blade-lionwing-kickstarter/,OtakuUSA,unknown,real
Interview with KAF of KAMITSUBAKI CITY UNDER CONSTRUCTION,"After our interview in October 2024, Otaku USA caught up with KAF about the airing of the new KAMITSUBAKI CITY UNDER CONSTRUCTION anime on Crunchyroll. Read the full interview with KAF to learn more about her creative process and experience on her first anime credit. ©KAMITSUBAKI STUDIO/SINKA ANIMATION PROJECT Congratulations on the airing of KAMITSUBAKI...",https://otakuusamagazine.com/kaf-interview-kamitsuki-city-under-construction/,OtakuUSA,unknown,real
"Plus-Sized Misadventures in Love! Anime Shares New Trailer, Adds to Cast","More details have arrived for the Plus-Sized Misadventures in Love! anime, which kicks off its adaptation of mamakari’s manga on October 6. In addition to a new trailer and visual, the staff behind the series announced more cast members and theme song info. GANG PARADE is on the opening song, “Happy Yummy Lucky Yummy,” and...",https://otakuusamagazine.com/plus-sized-misadventures-in-love-anime-shares-new-trailer-adds-to-cast/,OtakuUSA,unknown,real
"I Want Your Mother to Be with Me! Is a Laid-back, Slice-of-Life Love Story","In I Want Your Mother to Be with Me!, Ryo is working part-time while trying to pass his accounting exam. He’s also head over heels in love with his coworker, Yuzuki, though she doesn’t know that yet. Yuzuki is a single mom whose husband died shortly after she had her baby. Ryo thinks everything about...",https://otakuusamagazine.com/i-want-your-mother-to-be-with-me-is-a-laid-back-slice-of-life-love-story/,OtakuUSA,unknown,real
Manga’s Disaster “Prediction” Might Still Be Affecting Japanese Tourism,"Japan saw a drop in tourism — most specifically from Hong Kong — due to the prediction of a manga creator whom some people believe to be psychic. Ryo Tatsuki, the mangaka, rose to fame after her dream book allegedly predicted the 2011 earthquake. When she published another book saying there would be a terrible...",https://otakuusamagazine.com/mangas-disaster-prediction-might-still-be-affecting-japanese-tourism/,OtakuUSA,unknown,real
"Room of Guilty Pleasure Anime Shows Off Trailer After Revealing Early, Uncensored Release","The manga Room of Guilty Pleasure (a.k.a. Guilty Hole: Oshiego Shika Shimei Dekinai Mise for the original Japanese title) is getting an anime adaptation from AnimeFesta. It’s debuting on Japanese TV on October 5, but will get an early (and uncensored) release on September 12 on the streaming outlet OceanVeil. This trailer also dropped for...",https://otakuusamagazine.com/room-of-guilty-pleasure-anime-shows-off-trailer-after-revealing-early-uncensored-release/,OtakuUSA,unknown,real
Kaiju No. 8 Season 2 Trailer Looks Ahead to Next Arc,"A new arc is about to kick off in Kaiju No. 8 season 2, which continues to adapt the Shonen Jump manga by Naoya Matsumoto. Next up for the series is the Bungui-toge Subjugation Operation arc, which begins in episode 19. Check out a preview in the trailer below. Kaiju No. 8 Bungui-toge Subjugation Operation...",https://otakuusamagazine.com/kaiju-no-8-season-2-trailer-looks-ahead-to-next-arc/,OtakuUSA,unknown,real
MANGA REVIEW: City Hunter and Cat’s Eye Omnibus Editions,"Between the new City Hunter movie on Netflix and an upcoming Cat&#8217;s Eye anime adaptation, it&#8217;s a big couple of years for Tsukasa Hojo fans. His two biggest series have always been popular, but they&#8217;re getting more attention than ever lately. So it feels like the perfect time to dive back into the manga that started it all&#8230;...",https://otakuusamagazine.com/manga-review-city-hunter-and-cats-eye-omnibus-editions/,OtakuUSA,unknown,real
