title,text,source,subreddit,url,label
Blue Giant Movie Arriving in September at Netflix,,reddit,AnimeLeaks,https://reddit.com/r/AnimeLeaks/comments/1em5o5g/blue_giant_movie_arriving_in_september_at_netflix/,fake_candidate
Kenjaku vs Takaba || Jujutsu Kaisen Leaks Chapter 242,,reddit,AnimeLeaks,https://reddit.com/r/AnimeLeaks/comments/17vzxb7/kenjaku_vs_takaba_jujutsu_kaisen_leaks_chapter_242/,fake_candidate
Kenjaku vs Takaba || Jujutsu Kaisen Leaks Chapter 242,,reddit,AnimeLeaks,https://reddit.com/r/AnimeLeaks/comments/17vzx7h/kenjaku_vs_takaba_jujutsu_kaisen_leaks_chapter_242/,fake_candidate
Anime leaks in to real life,,reddit,AnimeLeaks,https://reddit.com/r/AnimeLeaks/comments/12bx8fa/anime_leaks_in_to_real_life/,fake_candidate
"""Attack on Titan: The Final Season Part 3"" opening theme ""Under the Tree"" by SIM leaked",[deleted],reddit,AnimeLeaks,https://reddit.com/r/AnimeLeaks/comments/11f7rxi/attack_on_titan_the_final_season_part_3_opening/,fake_candidate
"""Stranger Things Tokyo"" anime series spin-off planned by Netflix",,reddit,AnimeLeaks,https://reddit.com/r/AnimeLeaks/comments/ztpzh2/stranger_things_tokyo_anime_series_spinoff/,fake_candidate
r/AnimeRumors Lounge,[deleted],reddit,AnimeRumors,https://reddit.com/r/AnimeRumors/comments/o74yje/ranimerumors_lounge/,fake_candidate
Chat is this Confirmed?,,reddit,Animemes,https://reddit.com/r/Animemes/comments/1khp73p/chat_is_this_confirmed/,fake_candidate
Shinji adventure is honestly the best Netflix original anime no question,,reddit,Animemes,https://reddit.com/r/Animemes/comments/1kh7ofz/shinji_adventure_is_honestly_the_best_netflix/,fake_candidate
animespoilers has been created,A subreddit to discuss your favourite anime without fear of spoiler tagging/post removal.,reddit,AnimeSpoilers,https://reddit.com/r/animespoilers/comments/bjjamt/animespoilers_has_been_created/,fake_candidate
